ts,uid,id.orig_h,id.orig_p,id.resp_h,id.resp_p,version,cipher,curve,server_name,resumed,last_alert,next_protocol,established,ssl_history,cert_chain_fps,client_cert_chain_fps,sni_matches_cert,label
2025-01-22 19:45:00.841221094,CZNtCw3ytIYleAeZQ8,10.1.17.215,50085,23.40.146.4,443,TLSv12,TLS_ECDHE_RSA_WITH_AES_256_GCM_SHA384,secp256r1,kv801.prod.do.dsp.mp.microsoft.com,F,-,http/1.1,T,CsxuknGIti,"ff999b10ea2fb6f2eef794ae370817d45a9310f9e2104292591c2db6801a6652,9d1bc5d2dd75bf8b64f35e7f919e2546c225be888c1a8cbe82c0e9579234a7ed",(empty),T,0
2025-01-22 19:45:01.116508007,Cbw0NW2Ml15X8WSDbf,10.1.17.215,50086,52.156.123.84,443,TLSv12,TLS_ECDHE_ECDSA_WITH_AES_256_GCM_SHA384,secp384r1,geo.prod.do.dsp.mp.microsoft.com,F,-,h2,T,CsxknGIi,"c537ffba44956e7baf33c6b88f9d000c5a8b618a0628f6dc097c10c2212ba803,e39f93f3b2b40fd3c41de7dfa7d0b0cb6c4d8f97cbab2bb81c178f4b5f3c7eed",(empty),T,0
2025-01-22 19:45:02.131674050,C74m4A1LfhTzcpgiy5,10.1.17.215,50088,20.10.31.115,443,TLSv12,TLS_ECDHE_RSA_WITH_AES_256_GCM_SHA384,secp384r1,client.wns.windows.com,F,-,-,T,CsxknGIi,"0e13d73f67ec54d3f50098f7947a73c7527ee6755240bbccaf3993e0f7da3e75,33f9731be910a66dc6acd07d9d9ca212ee8d0a9a5c78c8bf3e89bb74df8fb936",(empty),T,0
2025-01-22 19:45:08.546880007,CGlGDs2WpVKRS5JdRd,10.1.17.215,50089,52.178.17.235,443,TLSv12,TLS_ECDHE_RSA_WITH_AES_256_GCM_SHA384,secp384r1,v10.events.data.microsoft.com,F,-,h2,T,CsxknGIi,"2fca332dedb6fcdde638e2301d1cbae15d8f647d81d9d5e4186fd5ab58ae3b81,83688f2aef71386e0936c4b3013b07e8e0c796d8427716dd48b2a63d79509129",(empty),T,0
2025-01-22 19:45:09.436495066,CzJ2Sq343Eoscapyqc,10.1.17.215,50090,52.178.17.235,443,TLSv12,TLS_ECDHE_RSA_WITH_AES_256_GCM_SHA384,secp384r1,v20.events.data.microsoft.com,F,-,h2,T,CsxknGIi,"2fca332dedb6fcdde638e2301d1cbae15d8f647d81d9d5e4186fd5ab58ae3b81,83688f2aef71386e0936c4b3013b07e8e0c796d8427716dd48b2a63d79509129",(empty),T,0
2025-01-22 19:45:13.242784023,Ctv2M64OmzpV3MtrI6,10.1.17.215,50099,204.79.197.203,443,TLSv13,TLS_AES_256_GCM_SHA384,secp384r1,windows.msn.com,F,-,-,T,CsiI,-,-,-,0
2025-01-22 19:45:13.441970110,C8FpwGyzj34D6WEfc,10.1.17.215,50100,52.109.20.38,443,TLSv12,TLS_ECDHE_RSA_WITH_AES_256_GCM_SHA384,secp384r1,officeclient.microsoft.com,F,-,h2,T,CsxknGIi,"c52fd4dc731d55b2af25307a8731000951d3744a28aaf436fa86bd2dcff1b11f,511c1c41cb7eb2a10078c32c82f17925ba786de46c633921d038e7409e15a5ea",(empty),T,0
2025-01-22 19:45:13.502959013,CLm8MQ3Q6attZfrG53,10.1.17.215,50101,204.79.197.203,443,TLSv13,TLS_AES_256_GCM_SHA384,secp384r1,www.msn.com,F,-,-,T,CsiI,-,-,-,0
2025-01-22 19:45:13.660406113,CGptnL2eDLMA8XKn1b,10.1.17.215,50102,23.205.110.137,443,TLSv13,TLS_AES_256_GCM_SHA384,x25519,www.bing.com,F,-,-,T,CsiI,-,-,-,0
2025-01-22 19:45:13.766836882,CjGchm3mvdCqph7TU8,10.1.17.215,50103,52.109.20.47,443,TLSv12,TLS_ECDHE_RSA_WITH_AES_256_GCM_SHA384,secp384r1,odc.officeapps.live.com,F,-,h2,T,CsxknGIi,"2341e1715b35ff9436f3a74f3b57828fc50c7593866e7d13cda77a7453f3290f,511c1c41cb7eb2a10078c32c82f17925ba786de46c633921d038e7409e15a5ea",(empty),T,0
2025-01-22 19:45:14.072875977,CSmUrs4u0Qup3jlRD,10.1.17.215,50104,23.45.119.143,443,TLSv13,TLS_AES_256_GCM_SHA384,x25519,assets.msn.com,F,-,-,T,CsiI,-,-,-,0
2025-01-22 19:45:15.879801989,CgNSH5t3dowLgcsdk,10.1.17.215,50105,52.109.20.47,443,TLSv12,TLS_ECDHE_RSA_WITH_AES_256_GCM_SHA384,secp384r1,odc.officeapps.live.com,F,-,-,T,CsxknGIi,"2341e1715b35ff9436f3a74f3b57828fc50c7593866e7d13cda77a7453f3290f,511c1c41cb7eb2a10078c32c82f17925ba786de46c633921d038e7409e15a5ea",(empty),T,0
2025-01-22 19:45:15.901662111,C6Crmx1uoNjZw0pR6f,10.1.17.215,50106,20.241.44.114,443,TLSv12,TLS_ECDHE_RSA_WITH_AES_128_GCM_SHA256,x25519,g.live.com,F,-,-,T,CsxknGIi,"fc874237221d004abd0cac814f94a4f8dd39b07808d29501c4fa2efcfc5c9a5e,33f9731be910a66dc6acd07d9d9ca212ee8d0a9a5c78c8bf3e89bb74df8fb936",(empty),T,0
2025-01-22 19:45:16.241863966,CVCRLABhFm8838JBk,10.1.17.215,50107,23.55.125.39,443,TLSv12,TLS_ECDHE_RSA_WITH_AES_128_GCM_SHA256,secp256r1,oneclient.sfx.ms,F,-,-,T,CsxknGIti,"cc774afaa1a20ea56c2b0df8a3e2ff49225fff7ae5025cd1f22e21963b01ad6f,724247794951c93f3e41711617e95ce143263e3196c345a1da78f6639749ec03,cb3ccbb76031e5e0138f8dd39a23f9de47ffc35e43c1144cea27d46a5ab1cb5f",(empty),T,0
2025-01-22 19:45:22.736454964,ClpHD3mUCNWQUqgYh,10.1.17.215,50108,23.221.220.40,443,TLSv12,TLS_ECDHE_ECDSA_WITH_AES_256_GCM_SHA384,secp256r1,services.gfe.nvidia.com,F,-,h2,T,CsxuknGIti,"9bed873cf851b4a3f5811a0a68982a8b70011498f3cf9fbfd5f4268b5b29e590,52274c57ce4dee3b49db7a7ff708c040f771898b3be88725a86fb4430182fe14",(empty),T,0
2025-01-22 19:45:23.000736952,CHamRymb0TidMQDFk,10.1.17.215,50110,204.79.197.239,443,TLSv12,TLS_ECDHE_RSA_WITH_AES_256_GCM_SHA384,secp384r1,edge.microsoft.com,F,-,h2,T,CsxuknGIti,"d65fa2a87698491bc906bc781eb57c8d64a83978275df3ff67abf7ea5267c386,9d1bc5d2dd75bf8b64f35e7f919e2546c225be888c1a8cbe82c0e9579234a7ed",(empty),T,0
2025-01-22 19:45:23.010557890,C8tzAf4Y8pkO3Qmhr4,10.1.17.215,50111,13.107.246.57,443,TLSv13,TLS_AES_256_GCM_SHA384,secp256r1,static.edge.microsoftapp.net,F,-,-,T,CjiICs,-,-,-,0
2025-01-22 19:45:23.001023054,CTjSEA1T3Rtzbebteb,10.1.17.215,50109,204.79.197.203,443,TLSv13,TLS_AES_256_GCM_SHA384,secp384r1,ntp.msn.com,F,-,-,T,CjiICs,-,-,-,0
2025-01-22 19:45:23.095582008,Co8HcX1PinFHTXcqO9,10.1.17.215,50112,23.221.220.40,443,TLSv12,TLS_ECDHE_ECDSA_WITH_AES_256_GCM_SHA384,secp256r1,services.gfe.nvidia.com,F,-,h2,T,CsxuknGIti,"9bed873cf851b4a3f5811a0a68982a8b70011498f3cf9fbfd5f4268b5b29e590,52274c57ce4dee3b49db7a7ff708c040f771898b3be88725a86fb4430182fe14",(empty),T,0
2025-01-22 19:45:23.155584097,CBAzO83ndTNVrPQb6b,10.1.17.215,50115,23.45.119.141,443,TLSv13,TLS_AES_256_GCM_SHA384,x25519,assets.msn.com,F,-,-,T,CsiI,-,-,-,0
2025-01-22 19:45:23.250771046,CFvplVlSzZJdysdUi,10.1.17.215,50119,23.45.119.141,443,TLSv13,TLS_AES_256_GCM_SHA384,x25519,assets.msn.com,F,-,-,T,CsiI,-,-,-,0
2025-01-22 19:45:23.290185928,CYwVah3xSYLJsc69Yk,10.1.17.215,50120,20.190.157.15,443,TLSv13,TLS_AES_256_GCM_SHA384,secp384r1,login.microsoftonline.com,F,-,-,T,CsiI,-,-,-,0
2025-01-22 19:45:23.330746889,CTMd033PjccWXpXSi7,10.1.17.215,50121,20.125.209.212,443,TLSv12,TLS_ECDHE_RSA_WITH_AES_128_GCM_SHA256,x25519,c.msn.com,F,-,h2,T,CsxuknGIi,"dffea115b69f056e29e5c26f1be40c8c8fde135f605731ce2f14d287cd07189a,33f9731be910a66dc6acd07d9d9ca212ee8d0a9a5c78c8bf3e89bb74df8fb936",(empty),T,0
2025-01-22 19:45:23.282725096,Cj1iZ81YuCCXaWpiLl,10.1.17.215,50117,51.104.15.252,443,TLSv13,TLS_AES_256_GCM_SHA384,secp384r1,browser.events.data.msn.com,F,-,-,T,CjiICs,-,-,-,0
2025-01-22 19:45:23.731112957,CiKsMm1ybN55uJbb14,10.1.17.215,50123,51.104.15.252,443,TLSv13,TLS_AES_256_GCM_SHA384,secp384r1,browser.events.data.msn.com,F,-,-,T,CjiICs,-,-,-,0
2025-01-22 19:45:24.500451088,CI30no1KtoQzUTc2If,10.1.17.215,50124,23.205.110.136,443,TLSv13,TLS_AES_256_GCM_SHA384,x25519,www.bing.com,F,-,-,T,CsiI,-,-,-,0
2025-01-22 19:45:25.955586910,CszDxSrdlGzcoHkN8,10.1.17.215,50126,23.205.110.143,443,TLSv13,TLS_AES_256_GCM_SHA384,x25519,www.bing.com,F,-,-,T,CsiI,-,-,-,0
2025-01-22 19:45:26.300357103,CJ1gPbZKNU5ke5Skb,10.1.17.215,50129,13.107.21.239,443,TLSv12,TLS_ECDHE_RSA_WITH_AES_256_GCM_SHA384,secp384r1,edge.microsoft.com,F,-,h2,T,CsxuknGIti,"d65fa2a87698491bc906bc781eb57c8d64a83978275df3ff67abf7ea5267c386,9d1bc5d2dd75bf8b64f35e7f919e2546c225be888c1a8cbe82c0e9579234a7ed",(empty),T,0
2025-01-22 19:45:26.725570917,CCilZF3IW82GaRRot4,10.1.17.215,50130,51.104.15.252,443,TLSv13,TLS_AES_256_GCM_SHA384,secp384r1,browser.events.data.msn.com,F,-,-,T,CjiICs,-,-,-,0
2025-01-22 19:45:27.240462065,Chqtvxo4AInMaPPze,10.1.17.215,50131,23.205.110.143,443,TLSv13,TLS_AES_256_GCM_SHA384,x25519,www.bing.com,T,-,-,T,CsiI,-,-,-,0
2025-01-22 19:45:28.075421095,CEc7Ci4M62gjOZ0zTk,10.1.17.215,50132,23.205.110.134,443,TLSv13,TLS_AES_256_GCM_SHA384,x25519,r.bing.com,F,-,-,T,CsiI,-,-,-,0
2025-01-22 19:45:23.411267042,CPUJjZbTdsg8JbwYl,10.1.17.215,50122,51.104.15.252,443,TLSv13,TLS_AES_256_GCM_SHA384,secp384r1,browser.events.data.msn.com,F,-,-,F,Cji,-,-,-,0
2025-01-22 19:45:26.070735931,CknF743u3K3oHGnaaf,10.1.17.215,50127,13.107.21.239,443,TLSv12,TLS_ECDHE_RSA_WITH_AES_256_GCM_SHA384,secp384r1,edge.microsoft.com,F,-,h2,F,Csxukn,"d65fa2a87698491bc906bc781eb57c8d64a83978275df3ff67abf7ea5267c386,9d1bc5d2dd75bf8b64f35e7f919e2546c225be888c1a8cbe82c0e9579234a7ed",(empty),T,0
2025-01-22 19:45:26.175636053,Cb7GkvPlu5VYLFCWc,10.1.17.215,50128,13.107.21.239,443,TLSv12,TLS_ECDHE_RSA_WITH_AES_256_GCM_SHA384,secp384r1,edge.microsoft.com,F,-,h2,F,Csxukn,"d65fa2a87698491bc906bc781eb57c8d64a83978275df3ff67abf7ea5267c386,9d1bc5d2dd75bf8b64f35e7f919e2546c225be888c1a8cbe82c0e9579234a7ed",(empty),T,0
2025-01-22 19:45:34.840897083,CbETAcwyU2r1kiu8f,10.1.17.215,50133,104.21.64.1,443,TLSv13,TLS_AES_128_GCM_SHA256,X25519MLKEM768,google-authenticator.burleson-appliance.net,F,-,-,T,CsiI,-,-,-,0
2025-01-22 19:45:36.085860968,Cc2aLo28GGeRRAck2e,10.1.17.215,50134,82.221.136.26,443,TLSv13,TLS_AES_128_GCM_SHA256,x25519,authenticatoor.org,F,-,-,T,CsiI,-,-,-,0
2025-01-22 19:45:42.439033985,Cc58GCXicbpGrIGq4,10.1.17.215,50139,20.190.157.15,443,TLSv13,TLS_AES_256_GCM_SHA384,secp384r1,login.microsoftonline.com,F,-,-,T,CsiI,-,-,-,0
2025-01-22 19:45:49.220738888,CaqfHu3RDA1DDIjaEc,10.1.17.215,50140,217.70.186.109,443,TLSv13,TLS_AES_128_GCM_SHA256,x25519,appointedtimeagriculture.com,F,-,-,T,CsiI,-,-,-,0
2025-01-22 19:45:52.680360079,C44kDQ1vPOS6WiCiPb,10.1.17.215,50141,13.107.246.57,443,TLSv13,TLS_AES_256_GCM_SHA384,secp256r1,edge-consumer-static.azureedge.net,F,-,-,T,CjiICs,-,-,-,0
2025-01-22 19:45:54.952965021,CUL27A19ATlktPa7eh,10.1.17.215,50142,4.150.155.223,443,TLSv13,TLS_AES_256_GCM_SHA384,x25519,checkappexec.microsoft.com,F,-,-,T,CsiI,-,-,-,0
2025-01-22 19:45:58.575289965,CyZTZz1vMOYAiD7Q75,10.1.17.215,50145,23.55.125.176,443,TLSv13,TLS_AES_256_GCM_SHA384,x25519,azure.microsoft.com,F,-,-,T,CsiI,-,-,-,0
2025-01-22 19:45:59.320585012,CBfBlg1cgu3A4j5Vhj,10.1.17.215,50147,23.55.125.176,443,TLSv13,TLS_AES_256_GCM_SHA384,x25519,azure.microsoft.com,T,-,-,T,CsiI,-,-,-,0
2025-01-22 19:45:59.336388111,C3Rmhh4xqZGxckEMBb,10.1.17.215,50146,23.55.125.176,443,TLSv13,TLS_AES_256_GCM_SHA384,x25519,azure.microsoft.com,T,-,-,T,CsiI,-,-,-,0
2025-01-22 19:45:59.350122929,CPva9T1g8Y5B7xrzoa,10.1.17.215,50149,23.55.125.176,443,TLSv13,TLS_AES_256_GCM_SHA384,x25519,azure.microsoft.com,F,-,-,T,CsiI,-,-,-,0
2025-01-22 19:45:59.350385904,CFv7NK3KMlFSvWUBE6,10.1.17.215,50150,23.55.125.176,443,TLSv13,TLS_AES_256_GCM_SHA384,x25519,azure.microsoft.com,F,-,-,T,CsiI,-,-,-,0
2025-01-22 19:45:59.349860907,C5JZ8f36IlVR9ShZdj,10.1.17.215,50148,23.55.125.176,443,TLSv13,TLS_AES_256_GCM_SHA384,x25519,azure.microsoft.com,F,-,-,T,CsiI,-,-,-,0
2025-01-22 19:45:59.495112896,C5TdWJ2LWCViIUyCeb,10.1.17.215,50151,23.55.125.163,443,TLSv13,TLS_AES_256_GCM_SHA384,x25519,www.microsoft.com,F,-,-,T,CsiI,-,-,-,0
2025-01-22 19:45:59.735069036,Cx5ybc16CSul1mJNr3,10.1.17.215,50152,23.55.125.163,443,TLSv13,TLS_AES_256_GCM_SHA384,x25519,www.microsoft.com,F,-,-,T,CsiI,-,-,-,0
2025-01-22 19:45:59.815357924,CvqqWl3QNDOME83xmk,10.1.17.215,50153,151.101.1.181,443,TLSv12,TLS_ECDHE_RSA_WITH_AES_128_GCM_SHA256,x25519,play.vidyard.com,F,-,h2,T,CsxuknGIti,"58327de4b6bda324c9603e24ac869ec0af07e69572f4286b7f82758526c5860d,0152f86354fca9525b280c233f7da6cf8b5f2373c42644723226ae67238db190",(empty),T,0
2025-01-22 19:46:00.035465956,CYeGFa1laMXX0Eqtcd,10.1.17.215,50154,23.207.164.186,443,TLSv13,TLS_AES_256_GCM_SHA384,x25519,c.go-mpulse.net,F,-,-,T,CsiI,-,-,-,0
2025-01-22 19:46:00.445885897,CRNlFw24sVBn7aadr5,10.1.17.215,50155,34.120.154.120,443,TLSv13,TLS_AES_128_GCM_SHA256,x25519,publisher.liveperson.net,F,-,-,T,CsiI,-,-,-,0
2025-01-22 19:46:00.688963890,CfiUM246040jronu87,10.1.17.215,50156,34.120.154.120,443,TLSv13,TLS_AES_128_GCM_SHA256,x25519,lpcdn.lpsnmedia.net,F,-,-,T,CsiI,-,-,-,0
2025-01-22 19:46:00.784977913,Cyv45j2MHBTZ8qkqoi,10.1.17.215,50159,23.221.220.40,443,TLSv13,TLS_AES_256_GCM_SHA384,x25519,cdn-dynmedia-1.microsoft.com,F,-,-,T,CsiI,-,-,-,0
2025-01-22 19:46:00.710045099,Ccml3ZvdzPDQIdIA4,10.1.17.215,50157,13.107.246.57,443,TLSv13,TLS_AES_256_GCM_SHA384,secp256r1,js.monitor.azure.com,F,-,-,T,CjiICs,-,-,-,0
2025-01-22 19:46:00.735207081,CDL1Rp1udIALCuP8ll,10.1.17.215,50158,208.89.12.153,443,TLSv12,TLS_ECDHE_RSA_WITH_AES_128_GCM_SHA256,secp256r1,lptag.liveperson.net,F,-,h2,T,CsxknGIti,"598bac87168d01ba2358edf151a67fe98e68656b784be1f6cb1b290e8dc5fe2a,72a34ac2b424aed3f6b0b04755b88cc027dccc806fddb22b4cd7c47773973ec0,68b9c761219a5b1f0131784474665db61bbdb109e00f05ca9f74244ee5f5f52b",(empty),T,0
2025-01-22 19:46:00.980443001,CpEf1O3R8nJnuyDKK2,10.1.17.215,50160,23.55.124.236,443,TLSv13,TLS_AES_256_GCM_SHA384,x25519,assets.adobedtm.com,F,-,-,T,CsiI,-,-,-,0
2025-01-22 19:46:01.486006975,CqK90t3TaqJ2fORQu8,10.1.17.215,50161,20.189.173.11,443,TLSv13,TLS_AES_256_GCM_SHA384,secp384r1,browser.events.data.microsoft.com,F,-,-,T,CjiICs,-,-,-,0
2025-01-22 19:46:01.920064926,CBEuXM4dH0Q2D8Wb4,10.1.17.215,50162,20.189.173.11,443,TLSv13,TLS_AES_256_GCM_SHA384,secp384r1,browser.events.data.microsoft.com,F,-,-,T,CjiICs,-,-,-,0
2025-01-22 19:46:02.055129051,Cpq0vk6AoEG4G9Zs3,10.1.17.215,50163,208.89.12.91,443,TLSv12,TLS_ECDHE_RSA_WITH_AES_128_GCM_SHA256,secp256r1,accdn.lpsnmedia.net,F,-,h2,T,CsxknGIti,"a82bcd28598663114a37bd3139ce8e9eb66a5c264405faf7f5dfb09f53256bd8,72a34ac2b424aed3f6b0b04755b88cc027dccc806fddb22b4cd7c47773973ec0,68b9c761219a5b1f0131784474665db61bbdb109e00f05ca9f74244ee5f5f52b",(empty),T,0
2025-01-22 19:46:02.811935902,CSjtYm1TXYL59r4aqb,10.1.17.215,50165,20.125.209.212,443,TLSv12,TLS_ECDHE_RSA_WITH_AES_128_GCM_SHA256,x25519,c1.microsoft.com,F,-,h2,T,CsxuknGIi,"dffea115b69f056e29e5c26f1be40c8c8fde135f605731ce2f14d287cd07189a,33f9731be910a66dc6acd07d9d9ca212ee8d0a9a5c78c8bf3e89bb74df8fb936",(empty),T,0
2025-01-22 19:46:02.895143032,CMJx1o1XLrU21eKrWd,10.1.17.215,50166,52.32.135.66,443,TLSv13,TLS_AES_128_GCM_SHA256,x25519,dpm.demdex.net,F,-,-,T,CsiI,-,-,-,0
2025-01-22 19:46:03.095124006,Cf31jW21Eq2QoLo4p7,10.1.17.215,50167,204.79.197.237,443,TLSv13,TLS_AES_256_GCM_SHA384,secp384r1,c.bing.com,F,-,-,T,CjiICs,-,-,-,0
2025-01-22 19:46:03.195045948,CpcQuf3t0GeGMi4Qhk,10.1.17.215,50168,35.84.233.181,443,TLSv13,TLS_AES_128_GCM_SHA256,x25519,mscom.demdex.net,F,-,-,T,CsiI,-,-,-,0
2025-01-22 19:46:03.275064945,CHiY0J1RXaL9nCrON,10.1.17.215,50169,157.240.24.35,443,TLSv13,TLS_AES_128_GCM_SHA256,x25519,www.facebook.com,F,-,-,T,CsiI,-,-,-,0
2025-01-22 19:46:03.290307999,CCTLqu1uFHToHd0ad3,10.1.17.215,50170,142.251.116.155,443,TLSv13,TLS_AES_128_GCM_SHA256,X25519MLKEM768,googleads.g.doubleclick.net,F,-,-,T,CsiI,-,-,-,0
2025-01-22 19:46:03.306355000,C6suem4pGw4TdJui3g,10.1.17.215,50172,150.171.27.10,443,TLSv13,TLS_AES_256_GCM_SHA384,secp384r1,bat.bing.com,F,-,-,T,CjiICs,-,-,-,0
2025-01-22 19:46:03.315413952,CwzW9143rDdZcFDO6c,10.1.17.215,50171,13.107.42.14,443,TLSv12,TLS_ECDHE_RSA_WITH_AES_256_GCM_SHA384,secp384r1,dc.ads.linkedin.com,F,-,h2,T,CsxuknGIti,"e842253f530a793a11309ccc4580689faf42543a3b039ab943c0f8881872e57e,c1ad7778796d20bca65c889a2655021156528bb62ff5fa43e1b8e5a83e3d2eaa",(empty),T,0
2025-01-22 19:46:03.420716047,CbG76g4zGNeVgCehB4,10.1.17.215,50173,13.107.246.57,443,TLSv13,TLS_AES_256_GCM_SHA384,secp256r1,www.clarity.ms,F,-,-,T,CjiICs,-,-,-,0
2025-01-22 19:46:03.534900904,Cu4CUbxTAZQMqfFIh,10.1.17.215,50174,142.251.186.106,443,TLSv13,TLS_AES_128_GCM_SHA256,X25519MLKEM768,www.google.com,F,-,-,T,CsiI,-,-,-,0
2025-01-22 19:46:03.599956036,ChUykm2DD9BVXEGqX7,10.1.17.215,50175,208.89.12.87,443,TLSv12,TLS_ECDHE_RSA_WITH_AES_128_GCM_SHA256,secp256r1,va.v.liveperson.net,F,-,h2,T,CsxknGIti,"1ba9a7b192572c85d3bf814f02b231117a0e56f06aef583488d0fe7e8facca75,72a34ac2b424aed3f6b0b04755b88cc027dccc806fddb22b4cd7c47773973ec0,68b9c761219a5b1f0131784474665db61bbdb109e00f05ca9f74244ee5f5f52b",(empty),T,0
2025-01-22 19:46:04.126162052,C8N7wc1IhqoEkDRObk,10.1.17.215,50176,4.153.72.49,443,TLSv12,TLS_ECDHE_RSA_WITH_AES_256_GCM_SHA384,x25519,i.clarity.ms,F,-,http/1.1,T,CsxknGIti,"90b3a364a30132b2e5bd1901c94364a037a8a21fcf5cc42cebb48fd4c04248cc,cb3ccbb76031e5e0138f8dd39a23f9de47ffc35e43c1144cea27d46a5ab1cb5f,511c1c41cb7eb2a10078c32c82f17925ba786de46c633921d038e7409e15a5ea",(empty),T,0
2025-01-22 19:46:04.690028906,CHxXNY2YiDFJkPJJJk,10.1.17.215,50177,69.147.65.251,443,TLSv13,TLS_AES_128_GCM_SHA256,x25519,cms.analytics.yahoo.com,F,-,-,T,CsiI,-,-,-,0
2025-01-22 19:46:04.790191889,CmoMSs4DdQKYH3mKr1,10.1.17.215,50178,23.199.168.146,443,TLSv12,TLS_ECDHE_RSA_WITH_AES_256_GCM_SHA384,secp256r1,px.owneriq.net,F,-,http/1.1,T,CsxuknGIti,"c74af50ebc898933ba0c116e9fd0c9d9d9a35860ee72d047d6f6d484400cf839,8cc34e11c167045824ade61c4907a6440edb2c4398e99c112a859d661f8e2bc7",(empty),T,0
2025-01-22 19:46:04.935319901,CV2zbT3sJHzdOgaCHf,10.1.17.215,50180,23.199.168.146,443,TLSv12,TLS_ECDHE_RSA_WITH_AES_256_GCM_SHA384,-,px.owneriq.net,T,-,http/1.1,T,CsiI,-,-,-,0
2025-01-22 19:46:04.981319904,CrSQDJ3CoQXKOu2328,10.1.17.215,50181,104.18.8.76,443,TLSv13,TLS_AES_128_GCM_SHA256,X25519MLKEM768,ds.reson8.com,F,-,-,T,CsiI,-,-,-,0
2025-01-22 19:46:04.930486917,CRVTLT39EZOJ8Iz7ta,10.1.17.215,50179,44.237.90.153,443,TLSv12,TLS_ECDHE_RSA_WITH_AES_128_GCM_SHA256,secp256r1,jadserve.postrelease.com,F,-,h2,T,CsxknGIti,"5764fde985974cfa214ecc26168754b9cfc3b13375bc99003ce9acb4b2d4be07,bf8a69027bcc8d2d42a6e6d25bdd4873f6a34b8f90edf07e86c5d6916da0b933,87dcd4dc74640a322cd205552506d1be64f12596258096544986b4850bc72706,28689b30e4c306aab53b027b29e36ad6dd1dcf4b953994482ca84bdc1ecac996",(empty),T,0
2025-01-22 19:46:05.105201960,CJuPENZgi17b4hSca,10.1.17.215,50182,192.132.33.69,443,TLSv12,TLS_ECDHE_RSA_WITH_AES_256_GCM_SHA384,secp256r1,bttrack.com,F,-,h2,T,CsxknGIi,"1409017af2d2becd177b8a76ca786b094ccbf48fae380a8ebe12ee80aad3a515,7fa4ff68ec04a99d7528d5085f94907f4d1dd1c5381bacdc832ed5c960214676,68b9c761219a5b1f0131784474665db61bbdb109e00f05ca9f74244ee5f5f52b,7fa4ff68ec04a99d7528d5085f94907f4d1dd1c5381bacdc832ed5c960214676,68b9c761219a5b1f0131784474665db61bbdb109e00f05ca9f74244ee5f5f52b",(empty),T,0
2025-01-22 19:46:05.235629082,CqvXgx32536KBzKx7c,10.1.17.215,50183,35.71.139.29,443,TLSv13,TLS_AES_128_GCM_SHA256,x25519,dmpsync.3lift.com,F,-,-,T,CsiI,-,-,-,0
2025-01-22 19:46:05.426044941,CjZQHs2PBs1iUs7xeg,10.1.17.215,50184,3.82.67.153,443,TLSv12,TLS_ECDHE_RSA_WITH_AES_128_GCM_SHA256,secp256r1,ag.innovid.com,F,-,h2,T,CsxknGIti,"4cfa737c3f923cb68bf063cc358abb9a0b0afbf8dc06a1498eebc992fa36fc11,4422e963ee53cd58cc9f85cd40bf5ffec0095fdf1a154535661c1c06bcadc69b",(empty),T,0
2025-01-22 19:46:22.961175919,CeQtrE4XJPCgWYbiUf,10.1.17.215,50189,13.107.21.239,443,TLSv12,TLS_ECDHE_RSA_WITH_AES_256_GCM_SHA384,secp384r1,edge.microsoft.com,F,-,h2,T,CsxuknGIti,"d65fa2a87698491bc906bc781eb57c8d64a83978275df3ff67abf7ea5267c386,9d1bc5d2dd75bf8b64f35e7f919e2546c225be888c1a8cbe82c0e9579234a7ed",(empty),T,0
2025-01-22 19:47:14.074533939,CaupBP39G013yZhWZj,10.1.17.215,50191,204.79.197.203,443,TLSv13,TLS_AES_256_GCM_SHA384,secp384r1,windows.msn.com,F,-,-,T,CjiICs,-,-,-,0
2025-01-22 19:47:14.079494953,Ck89wR9qm9eh32Ula,10.1.17.215,50192,204.79.197.203,443,TLSv13,TLS_AES_256_GCM_SHA384,secp384r1,windows.msn.com,F,-,-,T,CjiICs,-,-,-,0
2025-01-22 19:47:14.720407963,C6AFvb1QtMn4WbdCS3,10.1.17.215,50193,204.79.197.203,443,TLSv13,TLS_AES_256_GCM_SHA384,secp384r1,www.msn.com,F,-,-,T,CjiICs,-,-,-,0
2025-01-22 19:47:15.169296026,CAYLK32k3oGsz2a9G3,10.1.17.215,50194,204.79.197.203,443,TLSv13,TLS_AES_256_GCM_SHA384,secp384r1,api.msn.com,F,-,-,T,CjiICs,-,-,-,0
2025-01-22 19:47:15.434076071,CMip4w2vBGm42pdou2,10.1.17.215,50195,204.79.197.203,443,TLSv13,TLS_AES_256_GCM_SHA384,secp384r1,srtb.msn.com,F,-,-,T,CjiICs,-,-,-,0
2025-01-22 19:47:15.649002075,C6g1emFOdwvdq3iMe,10.1.17.215,50196,23.205.110.59,443,TLSv13,TLS_AES_256_GCM_SHA384,x25519,img-s-msn-com.akamaized.net,F,-,-,T,CsiI,-,-,-,0
2025-01-22 19:47:15.699278116,Ck5AAO3VBZrnwWmiXd,10.1.17.215,50197,23.205.110.133,443,TLSv13,TLS_AES_256_GCM_SHA384,x25519,th.bing.com,F,-,-,T,CsiI,-,-,-,0
2025-01-22 19:47:15.579207897,Cw6sc71mbDHOuX7bA8,10.1.17.215,60521,23.205.110.133,443,TLSv13,TLS_AES_256_GCM_SHA384,x25519,th.bing.com,F,-,-,F,Cs,-,-,-,0
2025-01-22 19:47:15.135682106,CLID4y7xh2mBy3Q7l,10.1.17.215,65330,23.219.160.172,443,TLSv13,TLS_AES_256_GCM_SHA384,x25519,assets.msn.com,F,-,-,F,Cs,-,-,-,0
2025-01-22 19:50:08.452827930,CBWPrcGyG9A5TlSEi,10.1.17.215,50202,40.126.28.18,443,TLSv13,TLS_AES_256_GCM_SHA384,secp384r1,login.microsoftonline.com,F,-,-,T,CsiI,-,-,-,0
2025-01-22 19:50:09.428592920,CqXqXN1dz9NQ6N8p2l,10.1.17.215,50203,52.191.219.104,443,TLSv12,TLS_ECDHE_RSA_WITH_AES_256_GCM_SHA384,secp384r1,settings-win.data.microsoft.com,F,-,h2,T,CsxknGIi,"dbe2771b65041ecccbff128a3686c57c819099b7a93644886aa281bc8f6f8e4d,83688f2aef71386e0936c4b3013b07e8e0c796d8427716dd48b2a63d79509129",(empty),T,0
2025-01-22 19:50:22.897713900,ClBE8x2KzsgyokiFtk,10.1.17.215,50207,23.205.110.151,443,TLSv13,TLS_AES_256_GCM_SHA384,x25519,www.bing.com,T,-,-,T,CsiI,-,-,-,0
2025-01-22 19:52:09.668754101,CetquG31OXg16NFeG3,10.1.17.215,50210,20.96.153.111,443,TLSv12,TLS_ECDHE_RSA_WITH_AES_256_GCM_SHA384,secp384r1,fd.api.iris.microsoft.com,F,-,h2,T,CsxknGIi,"57df2980cbeed2244d216e3825aa5bef4966b6205ae55cc214e44313cf6604b9,9d1bc5d2dd75bf8b64f35e7f919e2546c225be888c1a8cbe82c0e9579234a7ed",(empty),T,0
2025-01-22 19:52:09.894542933,CsFqBJYyGXBUDoV47,10.1.17.215,50215,20.190.135.3,443,TLSv13,TLS_AES_256_GCM_SHA384,secp384r1,login.microsoftonline.com,F,-,-,T,CsiI,-,-,-,0
2025-01-22 19:53:28.765352964,CmT5QD3AGNFUG1laRg,10.1.17.215,50216,52.175.242.182,443,TLSv12,TLS_ECDHE_ECDSA_WITH_AES_256_GCM_SHA384,secp384r1,array804.prod.do.dsp.mp.microsoft.com,F,-,h2,T,CsxknGIi,"c537ffba44956e7baf33c6b88f9d000c5a8b618a0628f6dc097c10c2212ba803,e39f93f3b2b40fd3c41de7dfa7d0b0cb6c4d8f97cbab2bb81c178f4b5f3c7eed",(empty),T,0
2025-01-22 19:53:29.206501961,CHzEjygTbiKnxj838,10.1.17.215,50217,23.41.240.115,443,TLSv12,TLS_ECDHE_RSA_WITH_AES_256_GCM_SHA384,secp256r1,kv801.prod.do.dsp.mp.microsoft.com,F,-,http/1.1,T,CsxuknGIti,"ff999b10ea2fb6f2eef794ae370817d45a9310f9e2104292591c2db6801a6652,9d1bc5d2dd75bf8b64f35e7f919e2546c225be888c1a8cbe82c0e9579234a7ed",(empty),T,0
2025-01-22 19:53:35.298837900,CswCSK32Y7QB0b68P1,10.1.17.215,50219,23.205.110.137,443,TLSv13,TLS_AES_256_GCM_SHA384,x25519,www.bing.com,T,-,-,T,CsiI,-,-,-,0
2025-01-22 19:53:35.568907976,CgOFMu3oJDVepLJAfe,10.1.17.215,50224,20.190.135.3,443,TLSv13,TLS_AES_256_GCM_SHA384,secp384r1,login.microsoftonline.com,F,-,-,T,CsiI,-,-,-,0
2025-01-22 19:55:02.363168955,CFjaOw3VZqdyamO5t2,10.1.17.215,49673,13.89.179.11,443,TLSv12,TLS_ECDHE_RSA_WITH_AES_256_GCM_SHA384,secp384r1,v20.events.data.microsoft.com,F,-,h2,T,CsxknGIi,"b8598c903332ffb3d4f8ab5be9f414a50087fd8001f958a536d5e1840630de3b,83688f2aef71386e0936c4b3013b07e8e0c796d8427716dd48b2a63d79509129",(empty),T,0
2025-01-22 19:55:02.381354094,CjZhAd3GY7KVoAABJ9,10.1.17.215,49674,52.109.0.91,443,TLSv12,TLS_ECDHE_RSA_WITH_AES_256_GCM_SHA384,secp384r1,officeclient.microsoft.com,F,-,h2,T,CsxknGIi,"c52fd4dc731d55b2af25307a8731000951d3744a28aaf436fa86bd2dcff1b11f,511c1c41cb7eb2a10078c32c82f17925ba786de46c633921d038e7409e15a5ea",(empty),T,0
2025-01-22 19:55:02.790766001,CgTZnjYWXpjTbArj7,10.1.17.215,49675,20.10.31.115,443,TLSv12,TLS_ECDHE_RSA_WITH_AES_256_GCM_SHA384,secp384r1,client.wns.windows.com,F,-,-,T,CsxknGIi,"0e13d73f67ec54d3f50098f7947a73c7527ee6755240bbccaf3993e0f7da3e75,33f9731be910a66dc6acd07d9d9ca212ee8d0a9a5c78c8bf3e89bb74df8fb936",(empty),T,0
2025-01-22 19:55:03.054843903,C8Bjwc2022MHAvD6rb,10.1.17.215,49681,52.109.0.142,443,TLSv12,TLS_ECDHE_RSA_WITH_AES_256_GCM_SHA384,secp384r1,odc.officeapps.live.com,F,-,h2,T,CsxknGIi,"2341e1715b35ff9436f3a74f3b57828fc50c7593866e7d13cda77a7453f3290f,511c1c41cb7eb2a10078c32c82f17925ba786de46c633921d038e7409e15a5ea",(empty),T,0
2025-01-22 19:55:03.129421949,Ciccz31fvpDOokNyed,10.1.17.215,49682,23.205.249.136,443,TLSv12,TLS_ECDHE_ECDSA_WITH_AES_256_GCM_SHA384,secp256r1,services.gfe.nvidia.com,F,-,h2,T,CsxuknGIti,"9bed873cf851b4a3f5811a0a68982a8b70011498f3cf9fbfd5f4268b5b29e590,52274c57ce4dee3b49db7a7ff708c040f771898b3be88725a86fb4430182fe14",(empty),T,0
2025-01-22 19:55:03.329644918,CeUYJY2ZhT7h8WOPma,10.1.17.215,49683,23.205.249.136,443,TLSv12,TLS_ECDHE_ECDSA_WITH_AES_256_GCM_SHA384,secp256r1,services.gfe.nvidia.com,F,-,h2,T,CsxuknGIti,"9bed873cf851b4a3f5811a0a68982a8b70011498f3cf9fbfd5f4268b5b29e590,52274c57ce4dee3b49db7a7ff708c040f771898b3be88725a86fb4430182fe14",(empty),T,0
2025-01-22 19:55:03.448620081,Cj4rmw1uhmT3Oj3cT8,10.1.17.215,49684,52.109.0.91,443,TLSv12,TLS_ECDHE_RSA_WITH_AES_256_GCM_SHA384,secp384r1,officeclient.microsoft.com,F,-,h2,T,CsxknGIi,"c52fd4dc731d55b2af25307a8731000951d3744a28aaf436fa86bd2dcff1b11f,511c1c41cb7eb2a10078c32c82f17925ba786de46c633921d038e7409e15a5ea",(empty),T,0
2025-01-22 19:55:03.720825911,C4oocW3tBNgc8s69Id,10.1.17.215,49686,20.241.44.114,443,TLSv12,TLS_ECDHE_RSA_WITH_AES_128_GCM_SHA256,x25519,g.live.com,F,-,-,T,CsxknGIi,"fc874237221d004abd0cac814f94a4f8dd39b07808d29501c4fa2efcfc5c9a5e,33f9731be910a66dc6acd07d9d9ca212ee8d0a9a5c78c8bf3e89bb74df8fb936",(empty),T,0
2025-01-22 19:55:03.724549055,CkLqR24euvRI1EphGc,10.1.17.215,49685,52.109.0.142,443,TLSv12,TLS_ECDHE_RSA_WITH_AES_256_GCM_SHA384,secp384r1,odc.officeapps.live.com,F,-,-,T,CsxknGIi,"2341e1715b35ff9436f3a74f3b57828fc50c7593866e7d13cda77a7453f3290f,511c1c41cb7eb2a10078c32c82f17925ba786de46c633921d038e7409e15a5ea",(empty),T,0
2025-01-22 19:55:04.071412086,CZCrpn1kdWM1XkEd87,10.1.17.215,49687,23.212.73.35,443,TLSv12,TLS_ECDHE_RSA_WITH_AES_128_GCM_SHA256,secp256r1,oneclient.sfx.ms,F,-,-,T,CsxknGIti,"cc774afaa1a20ea56c2b0df8a3e2ff49225fff7ae5025cd1f22e21963b01ad6f,724247794951c93f3e41711617e95ce143263e3196c345a1da78f6639749ec03,cb3ccbb76031e5e0138f8dd39a23f9de47ffc35e43c1144cea27d46a5ab1cb5f",(empty),T,0
2025-01-22 19:55:20.280834913,CvMJ1o4LJyS9Fpqwxi,10.1.17.215,49708,52.167.164.84,443,TLSv12,TLS_ECDHE_ECDSA_WITH_AES_256_GCM_SHA384,secp384r1,geo.prod.do.dsp.mp.microsoft.com,F,-,h2,T,CsxknGIi,"c537ffba44956e7baf33c6b88f9d000c5a8b618a0628f6dc097c10c2212ba803,e39f93f3b2b40fd3c41de7dfa7d0b0cb6c4d8f97cbab2bb81c178f4b5f3c7eed",(empty),T,0
2025-01-22 19:55:20.669436932,C2j5xx3QKhshNtiw62,10.1.17.215,49709,23.207.166.9,443,TLSv12,TLS_ECDHE_RSA_WITH_AES_256_GCM_SHA384,secp256r1,kv801.prod.do.dsp.mp.microsoft.com,F,-,http/1.1,T,CsxuknGIti,"ff999b10ea2fb6f2eef794ae370817d45a9310f9e2104292591c2db6801a6652,9d1bc5d2dd75bf8b64f35e7f919e2546c225be888c1a8cbe82c0e9579234a7ed",(empty),T,0
2025-01-22 19:55:21.004463911,CJ6E6uEmE9ZVc5A0j,10.1.17.215,49715,23.207.166.9,443,TLSv12,TLS_ECDHE_RSA_WITH_AES_256_GCM_SHA384,secp256r1,cp801.prod.do.dsp.mp.microsoft.com,F,-,http/1.1,T,CsxuknGIti,"ff999b10ea2fb6f2eef794ae370817d45a9310f9e2104292591c2db6801a6652,9d1bc5d2dd75bf8b64f35e7f919e2546c225be888c1a8cbe82c0e9579234a7ed",(empty),T,0
2025-01-22 19:55:21.004462957,CAFLdk1DKtyeJsN0H1,10.1.17.215,49711,23.207.166.9,443,TLSv12,TLS_ECDHE_RSA_WITH_AES_256_GCM_SHA384,secp256r1,cp801.prod.do.dsp.mp.microsoft.com,F,-,http/1.1,T,CsxuknGIti,"ff999b10ea2fb6f2eef794ae370817d45a9310f9e2104292591c2db6801a6652,9d1bc5d2dd75bf8b64f35e7f919e2546c225be888c1a8cbe82c0e9579234a7ed",(empty),T,0
2025-01-22 19:55:21.009418964,CouZHb2KWYyfQGG6h8,10.1.17.215,49712,23.207.166.9,443,TLSv12,TLS_ECDHE_RSA_WITH_AES_256_GCM_SHA384,secp256r1,cp801.prod.do.dsp.mp.microsoft.com,F,-,http/1.1,T,CsxuknGIti,"ff999b10ea2fb6f2eef794ae370817d45a9310f9e2104292591c2db6801a6652,9d1bc5d2dd75bf8b64f35e7f919e2546c225be888c1a8cbe82c0e9579234a7ed",(empty),T,0
2025-01-22 19:55:21.009421110,CD8TsjKE31viEvbck,10.1.17.215,49716,23.207.166.9,443,TLSv12,TLS_ECDHE_RSA_WITH_AES_256_GCM_SHA384,secp256r1,cp801.prod.do.dsp.mp.microsoft.com,F,-,http/1.1,T,CsxuknGIti,"ff999b10ea2fb6f2eef794ae370817d45a9310f9e2104292591c2db6801a6652,9d1bc5d2dd75bf8b64f35e7f919e2546c225be888c1a8cbe82c0e9579234a7ed",(empty),T,0
2025-01-22 19:55:21.010164976,CrttL02EGcvOMx0wu3,10.1.17.215,49710,23.207.166.9,443,TLSv12,TLS_ECDHE_RSA_WITH_AES_256_GCM_SHA384,secp256r1,cp801.prod.do.dsp.mp.microsoft.com,F,-,http/1.1,T,CsxuknGIti,"ff999b10ea2fb6f2eef794ae370817d45a9310f9e2104292591c2db6801a6652,9d1bc5d2dd75bf8b64f35e7f919e2546c225be888c1a8cbe82c0e9579234a7ed",(empty),T,0
2025-01-22 19:55:21.009419918,CZZ1nz6FDoiNVZoP6,10.1.17.215,49714,23.207.166.9,443,TLSv12,TLS_ECDHE_RSA_WITH_AES_256_GCM_SHA384,secp256r1,cp801.prod.do.dsp.mp.microsoft.com,F,-,http/1.1,T,CsxuknGIti,"ff999b10ea2fb6f2eef794ae370817d45a9310f9e2104292591c2db6801a6652,9d1bc5d2dd75bf8b64f35e7f919e2546c225be888c1a8cbe82c0e9579234a7ed",(empty),T,0
2025-01-22 19:55:21.023648977,Ciu5BC3GK8Su1JwMk3,10.1.17.215,49713,23.207.166.9,443,TLSv12,TLS_ECDHE_RSA_WITH_AES_256_GCM_SHA384,secp256r1,cp801.prod.do.dsp.mp.microsoft.com,F,-,http/1.1,T,CsxuknGIti,"ff999b10ea2fb6f2eef794ae370817d45a9310f9e2104292591c2db6801a6652,9d1bc5d2dd75bf8b64f35e7f919e2546c225be888c1a8cbe82c0e9579234a7ed",(empty),T,0
2025-01-22 19:55:21.034672976,Cd1rmm36tuY1tTbBDl,10.1.17.215,49717,23.207.166.9,443,TLSv12,TLS_ECDHE_RSA_WITH_AES_256_GCM_SHA384,secp256r1,cp801.prod.do.dsp.mp.microsoft.com,F,-,http/1.1,T,CsxuknGIti,"ff999b10ea2fb6f2eef794ae370817d45a9310f9e2104292591c2db6801a6652,9d1bc5d2dd75bf8b64f35e7f919e2546c225be888c1a8cbe82c0e9579234a7ed",(empty),T,0
2025-01-22 19:55:21.248722076,CeutZc73rhLeFRu71,10.1.17.215,49718,23.207.166.9,443,TLSv12,TLS_ECDHE_RSA_WITH_AES_256_GCM_SHA384,secp256r1,disc801.prod.do.dsp.mp.microsoft.com,F,-,http/1.1,T,CsxuknGIti,"ff999b10ea2fb6f2eef794ae370817d45a9310f9e2104292591c2db6801a6652,9d1bc5d2dd75bf8b64f35e7f919e2546c225be888c1a8cbe82c0e9579234a7ed",(empty),T,0
2025-01-22 19:55:21.303540945,CxFimG402tEIvCMQl1,10.1.17.215,49721,23.207.166.9,443,TLSv12,TLS_ECDHE_RSA_WITH_AES_256_GCM_SHA384,secp256r1,disc801.prod.do.dsp.mp.microsoft.com,F,-,http/1.1,T,CsxuknGIti,"ff999b10ea2fb6f2eef794ae370817d45a9310f9e2104292591c2db6801a6652,9d1bc5d2dd75bf8b64f35e7f919e2546c225be888c1a8cbe82c0e9579234a7ed",(empty),T,0
2025-01-22 19:55:21.293704033,C1Jgmj43nXck6VYga,10.1.17.215,49719,23.207.166.9,443,TLSv12,TLS_ECDHE_RSA_WITH_AES_256_GCM_SHA384,secp256r1,disc801.prod.do.dsp.mp.microsoft.com,F,-,http/1.1,T,CsxuknGIti,"ff999b10ea2fb6f2eef794ae370817d45a9310f9e2104292591c2db6801a6652,9d1bc5d2dd75bf8b64f35e7f919e2546c225be888c1a8cbe82c0e9579234a7ed",(empty),T,0
2025-01-22 19:55:21.293704987,CL5x6l4YaREOFecqC7,10.1.17.215,49720,23.207.166.9,443,TLSv12,TLS_ECDHE_RSA_WITH_AES_256_GCM_SHA384,secp256r1,disc801.prod.do.dsp.mp.microsoft.com,F,-,http/1.1,T,CsxuknGIti,"ff999b10ea2fb6f2eef794ae370817d45a9310f9e2104292591c2db6801a6652,9d1bc5d2dd75bf8b64f35e7f919e2546c225be888c1a8cbe82c0e9579234a7ed",(empty),T,0
2025-01-22 19:55:21.329154015,CdOBHt1jVSJk0g8uii,10.1.17.215,49723,23.207.166.9,443,TLSv12,TLS_ECDHE_RSA_WITH_AES_256_GCM_SHA384,secp256r1,disc801.prod.do.dsp.mp.microsoft.com,F,-,http/1.1,T,CsxuknGIti,"ff999b10ea2fb6f2eef794ae370817d45a9310f9e2104292591c2db6801a6652,9d1bc5d2dd75bf8b64f35e7f919e2546c225be888c1a8cbe82c0e9579234a7ed",(empty),T,0
2025-01-22 19:55:21.343745947,Cb3b8e49vuT2m3mc19,10.1.17.215,49724,23.207.166.9,443,TLSv12,TLS_ECDHE_RSA_WITH_AES_256_GCM_SHA384,secp256r1,disc801.prod.do.dsp.mp.microsoft.com,F,-,http/1.1,T,CsxuknGIti,"ff999b10ea2fb6f2eef794ae370817d45a9310f9e2104292591c2db6801a6652,9d1bc5d2dd75bf8b64f35e7f919e2546c225be888c1a8cbe82c0e9579234a7ed",(empty),T,0
2025-01-22 19:55:21.353912115,CBI00r1GAWfxd0ubz6,10.1.17.215,49725,23.207.166.9,443,TLSv12,TLS_ECDHE_RSA_WITH_AES_256_GCM_SHA384,secp256r1,disc801.prod.do.dsp.mp.microsoft.com,F,-,http/1.1,T,CsxuknGIti,"ff999b10ea2fb6f2eef794ae370817d45a9310f9e2104292591c2db6801a6652,9d1bc5d2dd75bf8b64f35e7f919e2546c225be888c1a8cbe82c0e9579234a7ed",(empty),T,0
2025-01-22 19:55:21.313512087,C6yChH2FcCc0UrnSr4,10.1.17.215,49722,23.207.166.9,443,TLSv12,TLS_ECDHE_RSA_WITH_AES_256_GCM_SHA384,secp256r1,disc801.prod.do.dsp.mp.microsoft.com,F,-,http/1.1,T,CsxuknGIti,"ff999b10ea2fb6f2eef794ae370817d45a9310f9e2104292591c2db6801a6652,9d1bc5d2dd75bf8b64f35e7f919e2546c225be888c1a8cbe82c0e9579234a7ed",(empty),T,0
2025-01-22 19:55:21.532569885,CTupWD2o9masKAfpij,10.1.17.215,49726,52.175.242.182,443,TLSv12,TLS_ECDHE_ECDSA_WITH_AES_256_GCM_SHA384,secp384r1,array804.prod.do.dsp.mp.microsoft.com,F,-,h2,T,CsxknGIi,"c537ffba44956e7baf33c6b88f9d000c5a8b618a0628f6dc097c10c2212ba803,e39f93f3b2b40fd3c41de7dfa7d0b0cb6c4d8f97cbab2bb81c178f4b5f3c7eed",(empty),T,0
2025-01-22 19:55:21.598444939,CZrgZJ3N0sqeC5yh95,10.1.17.215,49729,52.143.124.236,443,TLSv12,TLS_ECDHE_ECDSA_WITH_AES_256_GCM_SHA384,secp384r1,array805.prod.do.dsp.mp.microsoft.com,F,-,h2,T,CsxknGIi,"c537ffba44956e7baf33c6b88f9d000c5a8b618a0628f6dc097c10c2212ba803,e39f93f3b2b40fd3c41de7dfa7d0b0cb6c4d8f97cbab2bb81c178f4b5f3c7eed",(empty),T,0
2025-01-22 19:55:21.624291897,CqRb0l6gaVbGOfkWf,10.1.17.215,49730,52.229.52.30,443,TLSv12,TLS_ECDHE_ECDSA_WITH_AES_256_GCM_SHA384,secp384r1,array803.prod.do.dsp.mp.microsoft.com,F,-,h2,T,CsxknGIi,"c537ffba44956e7baf33c6b88f9d000c5a8b618a0628f6dc097c10c2212ba803,e39f93f3b2b40fd3c41de7dfa7d0b0cb6c4d8f97cbab2bb81c178f4b5f3c7eed",(empty),T,0
2025-01-22 19:55:21.608480930,CjVQ373H8didfkXxr7,10.1.17.215,49727,52.175.242.182,443,TLSv12,TLS_ECDHE_ECDSA_WITH_AES_256_GCM_SHA384,secp384r1,array804.prod.do.dsp.mp.microsoft.com,F,-,h2,T,CsxknGIi,"c537ffba44956e7baf33c6b88f9d000c5a8b618a0628f6dc097c10c2212ba803,e39f93f3b2b40fd3c41de7dfa7d0b0cb6c4d8f97cbab2bb81c178f4b5f3c7eed",(empty),T,0
2025-01-22 19:55:21.608481884,CCvm2k4Fn9poS8Z049,10.1.17.215,49728,52.143.124.236,443,TLSv12,TLS_ECDHE_ECDSA_WITH_AES_256_GCM_SHA384,secp384r1,array805.prod.do.dsp.mp.microsoft.com,F,-,h2,T,CsxknGIi,"c537ffba44956e7baf33c6b88f9d000c5a8b618a0628f6dc097c10c2212ba803,e39f93f3b2b40fd3c41de7dfa7d0b0cb6c4d8f97cbab2bb81c178f4b5f3c7eed",(empty),T,0
2025-01-22 19:55:21.673868895,CwHeYi1Cjx8eRWYWbl,10.1.17.215,49731,52.137.125.63,443,TLSv12,TLS_ECDHE_ECDSA_WITH_AES_256_GCM_SHA384,secp384r1,array816.prod.do.dsp.mp.microsoft.com,F,-,h2,T,CsxknGIi,"c537ffba44956e7baf33c6b88f9d000c5a8b618a0628f6dc097c10c2212ba803,e39f93f3b2b40fd3c41de7dfa7d0b0cb6c4d8f97cbab2bb81c178f4b5f3c7eed",(empty),T,0
2025-01-22 19:55:21.673870087,CYiSfd4neYB48D8Du9,10.1.17.215,49732,52.175.242.182,443,TLSv12,TLS_ECDHE_ECDSA_WITH_AES_256_GCM_SHA384,secp384r1,array804.prod.do.dsp.mp.microsoft.com,F,-,h2,T,CsxknGIi,"c537ffba44956e7baf33c6b88f9d000c5a8b618a0628f6dc097c10c2212ba803,e39f93f3b2b40fd3c41de7dfa7d0b0cb6c4d8f97cbab2bb81c178f4b5f3c7eed",(empty),T,0
2025-01-22 19:55:21.688791990,Cvp0r04khFC98lqmJe,10.1.17.215,49733,52.158.246.138,443,TLSv12,TLS_ECDHE_ECDSA_WITH_AES_256_GCM_SHA384,secp384r1,array807.prod.do.dsp.mp.microsoft.com,F,-,h2,T,CsxknGIi,"c537ffba44956e7baf33c6b88f9d000c5a8b618a0628f6dc097c10c2212ba803,e39f93f3b2b40fd3c41de7dfa7d0b0cb6c4d8f97cbab2bb81c178f4b5f3c7eed",(empty),T,0
2025-01-22 19:55:21.883486986,Cg32cuLAJtLeMb9v1,10.1.17.215,49734,23.207.166.9,443,TLSv12,TLS_ECDHE_RSA_WITH_AES_256_GCM_SHA384,secp256r1,kv801.prod.do.dsp.mp.microsoft.com,F,-,http/1.1,T,CsxuknGIti,"ff999b10ea2fb6f2eef794ae370817d45a9310f9e2104292591c2db6801a6652,9d1bc5d2dd75bf8b64f35e7f919e2546c225be888c1a8cbe82c0e9579234a7ed",(empty),T,0
2025-01-22 19:55:22.094366074,CXCPX22Y1sGZz7dIl9,10.1.17.215,49735,23.207.166.9,443,TLSv12,TLS_ECDHE_RSA_WITH_AES_256_GCM_SHA384,secp256r1,kv801.prod.do.dsp.mp.microsoft.com,F,-,http/1.1,T,CsxuknGIti,"ff999b10ea2fb6f2eef794ae370817d45a9310f9e2104292591c2db6801a6652,9d1bc5d2dd75bf8b64f35e7f919e2546c225be888c1a8cbe82c0e9579234a7ed",(empty),T,0
2025-01-22 19:55:22.330423117,CYOFZ93m7c9ui23xCf,10.1.17.215,49736,23.207.166.9,443,TLSv12,TLS_ECDHE_RSA_WITH_AES_256_GCM_SHA384,secp256r1,kv801.prod.do.dsp.mp.microsoft.com,F,-,http/1.1,T,CsxuknGIti,"ff999b10ea2fb6f2eef794ae370817d45a9310f9e2104292591c2db6801a6652,9d1bc5d2dd75bf8b64f35e7f919e2546c225be888c1a8cbe82c0e9579234a7ed",(empty),T,0
2025-01-22 19:55:22.554611921,C1rmev4VCfeTpRaODb,10.1.17.215,49737,23.207.166.9,443,TLSv12,TLS_ECDHE_RSA_WITH_AES_256_GCM_SHA384,secp256r1,kv801.prod.do.dsp.mp.microsoft.com,F,-,http/1.1,T,CsxuknGIti,"ff999b10ea2fb6f2eef794ae370817d45a9310f9e2104292591c2db6801a6652,9d1bc5d2dd75bf8b64f35e7f919e2546c225be888c1a8cbe82c0e9579234a7ed",(empty),T,0
2025-01-22 19:55:22.784261942,CjAQv31e6RMKJPZgQ,10.1.17.215,49738,23.207.166.9,443,TLSv12,TLS_ECDHE_RSA_WITH_AES_256_GCM_SHA384,secp256r1,kv801.prod.do.dsp.mp.microsoft.com,F,-,http/1.1,T,CsxuknGIti,"ff999b10ea2fb6f2eef794ae370817d45a9310f9e2104292591c2db6801a6652,9d1bc5d2dd75bf8b64f35e7f919e2546c225be888c1a8cbe82c0e9579234a7ed",(empty),T,0
2025-01-22 19:55:23.064470053,CWnjnh3oUFa1qOi5a9,10.1.17.215,49739,23.207.166.9,443,TLSv12,TLS_ECDHE_RSA_WITH_AES_256_GCM_SHA384,secp256r1,kv801.prod.do.dsp.mp.microsoft.com,F,-,http/1.1,T,CsxuknGIti,"ff999b10ea2fb6f2eef794ae370817d45a9310f9e2104292591c2db6801a6652,9d1bc5d2dd75bf8b64f35e7f919e2546c225be888c1a8cbe82c0e9579234a7ed",(empty),T,0
2025-01-22 19:55:23.408998013,Cj1y5b1I1RGOOrdFv6,10.1.17.215,49740,23.207.166.9,443,TLSv12,TLS_ECDHE_RSA_WITH_AES_256_GCM_SHA384,secp256r1,kv801.prod.do.dsp.mp.microsoft.com,F,-,http/1.1,T,CsxuknGIti,"ff999b10ea2fb6f2eef794ae370817d45a9310f9e2104292591c2db6801a6652,9d1bc5d2dd75bf8b64f35e7f919e2546c225be888c1a8cbe82c0e9579234a7ed",(empty),T,0
2025-01-22 19:55:23.729231119,C8SsWS8ePXmJNRilk,10.1.17.215,49741,23.207.166.9,443,TLSv12,TLS_ECDHE_RSA_WITH_AES_256_GCM_SHA384,secp256r1,kv801.prod.do.dsp.mp.microsoft.com,F,-,http/1.1,T,CsxuknGIti,"ff999b10ea2fb6f2eef794ae370817d45a9310f9e2104292591c2db6801a6652,9d1bc5d2dd75bf8b64f35e7f919e2546c225be888c1a8cbe82c0e9579234a7ed",(empty),T,0
2025-01-22 19:55:29.874726057,CL3DTj4Nb8p4p4H7we,10.1.17.215,49749,20.190.135.16,443,TLSv13,TLS_AES_256_GCM_SHA384,secp384r1,login.microsoftonline.com,F,-,-,T,CsiI,-,-,-,0
2025-01-22 19:56:21.085962057,CmYKhp458TAksBXVk4,10.1.17.215,49775,23.96.180.189,443,TLSv12,TLS_ECDHE_RSA_WITH_AES_256_GCM_SHA384,secp384r1,fd.api.iris.microsoft.com,F,-,h2,T,CsxknGIi,"57df2980cbeed2244d216e3825aa5bef4966b6205ae55cc214e44313cf6604b9,9d1bc5d2dd75bf8b64f35e7f919e2546c225be888c1a8cbe82c0e9579234a7ed",(empty),T,0
2025-01-22 19:56:21.249578953,CJwVbs4rzh36vSVo0h,10.1.17.215,49780,20.190.135.16,443,TLSv13,TLS_AES_256_GCM_SHA384,secp384r1,login.microsoftonline.com,F,-,-,T,CsiI,-,-,-,0
2025-01-22 19:56:22.332962036,CIXBnw3BW1O6rMaBR7,10.1.17.215,49781,20.44.239.154,443,TLSv12,TLS_ECDHE_RSA_WITH_AES_256_GCM_SHA384,secp384r1,settings-win.data.microsoft.com,F,-,h2,T,CsxknGIi,"b133a24c294c025d1f20f47f9d380ba0b74936c415d3654facfb62dc7bde31d6,83688f2aef71386e0936c4b3013b07e8e0c796d8427716dd48b2a63d79509129",(empty),T,0
2025-01-22 19:57:01.812944889,C0H4444i41ekGuvEF8,10.1.17.215,49782,204.79.197.203,443,TLSv13,TLS_AES_256_GCM_SHA384,secp384r1,windows.msn.com,F,-,-,T,CjiICs,-,-,-,0
2025-01-22 19:57:01.822455883,CeQHUm2hdnyPo0tgCd,10.1.17.215,49783,204.79.197.203,443,TLSv13,TLS_AES_256_GCM_SHA384,secp384r1,windows.msn.com,F,-,-,T,CjiICs,-,-,-,0
2025-01-22 19:57:02.599544048,CkjijK20jrdIR6U7Af,10.1.17.215,49785,204.79.197.203,443,TLSv13,TLS_AES_256_GCM_SHA384,secp384r1,www.msn.com,F,-,-,T,CsiI,-,-,-,0
2025-01-22 19:57:02.572540045,CyTRBe2P7PRtVZ8gVd,10.1.17.215,49784,204.79.197.203,443,TLSv13,TLS_AES_256_GCM_SHA384,secp384r1,www.msn.com,F,-,-,T,CjiICs,-,-,-,0
2025-01-22 19:57:02.949517965,C5s0YFA1HRG22iuyc,10.1.17.215,49786,23.220.103.8,443,TLSv13,TLS_AES_256_GCM_SHA384,x25519,assets.msn.com,F,-,-,T,CsiI,-,-,-,0
2025-01-22 19:57:03.021150112,CVveIf2oiMIxKiWT2l,10.1.17.215,49787,204.79.197.203,443,TLSv13,TLS_AES_256_GCM_SHA384,secp384r1,api.msn.com,F,-,-,T,CjiICs,-,-,-,0
2025-01-22 19:57:03.248800039,CtfJC12nVdQUcZFaoe,10.1.17.215,49788,204.79.197.203,443,TLSv13,TLS_AES_256_GCM_SHA384,secp384r1,srtb.msn.com,F,-,-,T,CjiICs,-,-,-,0
2025-01-22 19:57:04.230216026,C68mbWaH0BTe7lfU5,10.1.17.215,49789,23.205.110.12,443,TLSv13,TLS_AES_256_GCM_SHA384,x25519,img-s-msn-com.akamaized.net,F,-,-,T,CsiI,-,-,-,0
2025-01-22 19:57:24.578768969,CbRaac3WxCtEJYOZea,10.1.17.215,49790,20.189.173.8,443,TLSv12,TLS_ECDHE_RSA_WITH_AES_256_GCM_SHA384,secp384r1,v10.events.data.microsoft.com,F,-,h2,T,CsxknGIi,"4545febc03cdbf1297668f8eb990ec6e6dbc00cf6a19a178655b40c202d2c09e,83688f2aef71386e0936c4b3013b07e8e0c796d8427716dd48b2a63d79509129",(empty),T,0
2025-01-22 19:57:25.103063107,CSoLd54PE93Jj6mvNa,10.1.17.215,49791,20.189.173.8,443,TLSv12,TLS_ECDHE_RSA_WITH_AES_256_GCM_SHA384,secp384r1,v20.events.data.microsoft.com,F,-,h2,T,CsxknGIi,"4545febc03cdbf1297668f8eb990ec6e6dbc00cf6a19a178655b40c202d2c09e,83688f2aef71386e0936c4b3013b07e8e0c796d8427716dd48b2a63d79509129",(empty),T,0
2025-01-22 19:57:04.168239117,CEw2ZF1dVEDKBGnet6,10.1.17.215,54778,23.205.110.145,443,TLSv13,TLS_AES_256_GCM_SHA384,x25519,th.bing.com,F,-,-,F,Cs,-,-,-,0
2025-01-22 19:57:02.914561987,CmJfpH3wdLewyb5FXc,10.1.17.215,54679,23.220.103.11,443,TLSv13,TLS_AES_256_GCM_SHA384,x25519,assets.msn.com,F,-,-,F,Cs,-,-,-,0
2025-01-22 19:59:46.285180092,Cr2P8x3HXLbLZ0szh,10.1.17.215,49792,45.125.66.32,2917,TLSv12,TLS_RSA_WITH_AES_128_GCM_SHA256,-,45.125.66.32,F,-,-,T,CsxnGIi,05be53fe3e0bcd74e166963f3e703d095346a89d37da3546d96bc2462319dbb7,(empty),F,0
2025-01-22 19:59:57.811484098,Cxtk1e1psoOmDCQbg2,10.1.17.215,49798,142.250.115.101,443,TLSv13,TLS_AES_128_GCM_SHA256,X25519MLKEM768,clients2.google.com,F,-,-,T,CsiI,-,-,-,0
2025-01-22 19:59:57.780443907,C5bW784aLHsujPaPRc,10.1.17.215,49796,13.107.246.57,443,TLSv13,TLS_AES_256_GCM_SHA384,secp256r1,static.edge.microsoftapp.net,F,-,-,T,CjiICs,-,-,-,0
2025-01-22 19:59:57.785358906,C5HGFv44d36dipj1ki,10.1.17.215,49795,13.107.42.16,443,TLSv13,TLS_AES_256_GCM_SHA384,secp384r1,config.edge.skype.com,F,-,-,T,CjiICs,-,-,-,0
2025-01-22 19:59:57.835093975,C2odNZ2jPBwV2mN5rb,10.1.17.215,49797,13.107.21.239,443,TLSv12,TLS_ECDHE_RSA_WITH_AES_256_GCM_SHA384,secp384r1,edge.microsoft.com,F,-,h2,T,CsxuknGIti,"d65fa2a87698491bc906bc781eb57c8d64a83978275df3ff67abf7ea5267c386,9d1bc5d2dd75bf8b64f35e7f919e2546c225be888c1a8cbe82c0e9579234a7ed",(empty),T,0
2025-01-22 19:59:58.104777098,Ce76eYEVXQK0CPwO9,10.1.17.215,49803,40.126.28.18,443,TLSv13,TLS_AES_256_GCM_SHA384,secp384r1,login.microsoftonline.com,F,-,-,T,CsiI,-,-,-,0
2025-01-22 19:59:58.585809946,CS0ZMQukmxmwbslYb,10.1.17.215,49807,13.107.42.16,443,TLSv13,TLS_AES_256_GCM_SHA384,secp384r1,config.edge.skype.com,F,-,-,T,CjiICs,-,-,-,0
2025-01-22 19:59:58.722431898,CHcs9r2UmM4NUaEBfg,10.1.17.215,49813,142.250.115.139,443,TLSv13,TLS_AES_128_GCM_SHA256,X25519MLKEM768,clients2.google.com,F,-,-,T,CsiI,-,-,-,0
2025-01-22 19:59:58.671298981,CCyfno1lRyKvVWoSdj,10.1.17.215,49810,204.79.197.239,443,TLSv12,TLS_ECDHE_RSA_WITH_AES_256_GCM_SHA384,secp384r1,edge.microsoft.com,F,-,h2,T,CsxuknGIti,"d65fa2a87698491bc906bc781eb57c8d64a83978275df3ff67abf7ea5267c386,9d1bc5d2dd75bf8b64f35e7f919e2546c225be888c1a8cbe82c0e9579234a7ed",(empty),T,0
2025-01-22 19:59:59.994946003,Ckc1pL1GQMgTjECTl8,10.1.17.215,49818,45.125.66.32,2917,TLSv12,TLS_ECDHE_RSA_WITH_CHACHA20_POLY1305_SHA256,secp521r1,45.125.66.32,F,-,-,T,CsxknGIi,05be53fe3e0bcd74e166963f3e703d095346a89d37da3546d96bc2462319dbb7,(empty),F,0
2025-01-22 19:59:58.594943047,CiZoJAHWuSa4sopoc,10.1.17.215,49806,13.107.246.57,443,TLSv13,TLS_AES_256_GCM_SHA384,secp256r1,static.edge.microsoftapp.net,F,-,-,F,CjiICs,-,-,-,0
2025-01-22 19:59:58.939949036,CGHhIp4caF39FI5Zz5,10.1.17.215,49814,142.251.186.132,443,TLSv13,TLS_AES_128_GCM_SHA256,X25519MLKEM768,clients2.googleusercontent.com,F,-,-,F,Csi,-,-,-,0
2025-01-22 20:00:08.765304089,CRwINH2nG4Wn2clhw2,10.1.17.215,49821,45.125.66.32,2917,TLSv12,TLS_ECDHE_RSA_WITH_CHACHA20_POLY1305_SHA256,secp521r1,45.125.66.32,F,-,-,T,CsxknGIi,05be53fe3e0bcd74e166963f3e703d095346a89d37da3546d96bc2462319dbb7,(empty),F,0
2025-01-22 20:00:14.125962019,Ct4PwO1zNZD3QhUiH6,10.1.17.215,49822,45.125.66.252,443,TLSv12,TLS_ECDHE_RSA_WITH_CHACHA20_POLY1305_SHA256,secp521r1,-,F,-,-,T,CsxknGIti,5d2dad692e2ed31b72f4b251da71588a08ed3ac33d0b41bc83e4fb0b9d58ddff,(empty),-,0
2025-01-22 20:00:21.718168020,Cs8CpG2znFrpGrN23g,10.1.17.215,49827,40.126.28.11,443,TLSv13,TLS_AES_256_GCM_SHA384,secp384r1,login.microsoftonline.com,F,-,-,T,CsiI,-,-,-,0
2025-01-22 20:01:12.143527985,CriQJ8ImXi0ZzVYd3,10.1.17.215,49828,13.107.246.57,443,TLSv13,TLS_AES_256_GCM_SHA384,secp256r1,prod.client.wosc.services.microsoft.com,F,-,-,T,CsiI,-,-,-,0
2025-01-22 20:01:12.542117119,CtQOfl3V3VJVwvmUJ3,10.1.17.215,49829,40.126.28.12,443,TLSv12,TLS_ECDHE_RSA_WITH_AES_256_GCM_SHA384,secp384r1,login.live.com,F,-,-,T,CsxuknGIi,"bdd3614cc3f4e2be1a70030426b094e74b3a77f03920db2eee2d079dea248055,c1ad7778796d20bca65c889a2655021156528bb62ff5fa43e1b8e5a83e3d2eaa",(empty),T,0
2025-01-22 20:01:13.460272074,CzarG14ao3XjQDY7u6,10.1.17.215,49830,13.71.55.58,443,TLSv12,TLS_ECDHE_RSA_WITH_AES_256_GCM_SHA384,secp384r1,settings-win.data.microsoft.com,F,-,h2,T,CsxknGIi,"5c3a12f81f590eb600686f53aa3d678d88b84479ceb02e526b5601a5b9cea28b,83688f2aef71386e0936c4b3013b07e8e0c796d8427716dd48b2a63d79509129",(empty),T,0
2025-01-22 20:04:07.529207945,C6F8CP365dfPzS5WV,10.1.17.215,49831,52.152.180.158,443,TLSv12,TLS_ECDHE_ECDSA_WITH_AES_256_GCM_SHA384,secp384r1,fe2cr.update.microsoft.com,F,-,h2,T,CsxknGIi,"a812404d0181c957edeb2980b54b00368a265e8f7c6ec5c02e7da0bbb255e77a,21158ad4dce10197239a87ebeb4d8d47e9e9be716ad497a2e036774caf5072cf",(empty),T,0
2025-01-22 20:04:23.688540936,CzwvlO2n80na6vpEjj,10.1.17.215,49834,23.212.64.79,443,TLSv12,TLS_ECDHE_RSA_WITH_AES_256_GCM_SHA384,secp256r1,cp801.prod.do.dsp.mp.microsoft.com,F,-,http/1.1,T,CsxuknGIti,"ff999b10ea2fb6f2eef794ae370817d45a9310f9e2104292591c2db6801a6652,9d1bc5d2dd75bf8b64f35e7f919e2546c225be888c1a8cbe82c0e9579234a7ed",(empty),T,0
2025-01-22 20:04:23.688540936,Co9NV83fE2bn79gLHg,10.1.17.215,49833,23.212.66.174,443,TLSv12,TLS_ECDHE_RSA_WITH_AES_256_GCM_SHA384,secp256r1,geover.prod.do.dsp.mp.microsoft.com,F,-,http/1.1,T,CsxuknGIti,"7adf18a7e8e2a78343d032ce1a166381516239a3f56dfa2cee1190611784a665,9d1bc5d2dd75bf8b64f35e7f919e2546c225be888c1a8cbe82c0e9579234a7ed",(empty),T,0
2025-01-22 20:04:24.151026011,C9FwGi4RZRIkVR2LSh,10.1.17.215,49835,23.212.64.79,443,TLSv12,TLS_ECDHE_RSA_WITH_AES_256_GCM_SHA384,secp256r1,kv801.prod.do.dsp.mp.microsoft.com,F,-,http/1.1,T,CsxuknGIti,"ff999b10ea2fb6f2eef794ae370817d45a9310f9e2104292591c2db6801a6652,9d1bc5d2dd75bf8b64f35e7f919e2546c225be888c1a8cbe82c0e9579234a7ed",(empty),T,0
2025-01-22 20:04:25.205903053,CkOAhe4HsPzvEyeVwd,10.1.17.215,49837,20.42.73.27,443,TLSv12,TLS_ECDHE_RSA_WITH_AES_256_GCM_SHA384,secp384r1,v10.events.data.microsoft.com,F,-,h2,T,CsxknGIi,"0a7515f4e96fefecd36d56f62387703d8711938edf316ff1e53af1b43d02d1b3,83688f2aef71386e0936c4b3013b07e8e0c796d8427716dd48b2a63d79509129",(empty),T,0
2025-01-22 20:04:26.358239889,CGvFnW3x9LJ3r3cUE4,10.1.17.215,49838,20.42.73.27,443,TLSv12,TLS_ECDHE_RSA_WITH_AES_256_GCM_SHA384,secp384r1,v10.events.data.microsoft.com,F,-,h2,T,CsxknGIi,"0a7515f4e96fefecd36d56f62387703d8711938edf316ff1e53af1b43d02d1b3,83688f2aef71386e0936c4b3013b07e8e0c796d8427716dd48b2a63d79509129",(empty),T,0
2025-01-22 20:04:34.553320885,CJXOVo4dGSexdN7Y28,10.1.17.215,49839,20.42.73.27,443,TLSv12,TLS_ECDHE_RSA_WITH_AES_256_GCM_SHA384,secp384r1,v10.events.data.microsoft.com,F,-,h2,T,CsxknGIi,"0a7515f4e96fefecd36d56f62387703d8711938edf316ff1e53af1b43d02d1b3,83688f2aef71386e0936c4b3013b07e8e0c796d8427716dd48b2a63d79509129",(empty),T,0
2025-01-22 20:07:01.367376089,CWtWl9optRRLXHAHa,10.1.17.215,49849,20.190.157.11,443,TLSv13,TLS_AES_256_GCM_SHA384,secp384r1,login.microsoftonline.com,F,-,-,T,CsiI,-,-,-,0
2025-01-22 20:10:00.131972075,CGHFJw3J6b0UNHP271,10.1.17.215,49859,20.190.157.13,443,TLSv13,TLS_AES_256_GCM_SHA384,secp384r1,login.microsoftonline.com,F,-,-,T,CsiI,-,-,-,0
2025-01-22 20:12:00.421729088,CkFCMW2DRsVr7czdyd,10.1.17.215,49861,204.79.197.203,443,TLSv13,TLS_AES_256_GCM_SHA384,secp384r1,windows.msn.com,F,-,-,T,CsiI,-,-,-,0
2025-01-22 20:12:32.153970957,CRt1oaUUFaJfjFdga,10.1.17.215,49862,20.189.173.18,443,TLSv12,TLS_ECDHE_RSA_WITH_AES_256_GCM_SHA384,secp384r1,v20.events.data.microsoft.com,F,-,h2,T,CsxknGIi,"4545febc03cdbf1297668f8eb990ec6e6dbc00cf6a19a178655b40c202d2c09e,83688f2aef71386e0936c4b3013b07e8e0c796d8427716dd48b2a63d79509129",(empty),T,0
2025-01-22 20:12:32.684549093,CFwKDf2bg7P9VNjejb,10.1.17.215,49863,20.189.173.18,443,TLSv12,TLS_ECDHE_RSA_WITH_AES_256_GCM_SHA384,secp384r1,v10.events.data.microsoft.com,F,-,h2,T,CsxknGIi,"4545febc03cdbf1297668f8eb990ec6e6dbc00cf6a19a178655b40c202d2c09e,83688f2aef71386e0936c4b3013b07e8e0c796d8427716dd48b2a63d79509129",(empty),T,0
2025-01-22 20:13:59.457528114,C6A4ut1r0YFDSzlzWe,10.1.17.215,49864,52.158.246.138,443,TLSv12,TLS_ECDHE_ECDSA_WITH_AES_256_GCM_SHA384,secp384r1,array807.prod.do.dsp.mp.microsoft.com,F,-,h2,T,CsxknGIi,"c537ffba44956e7baf33c6b88f9d000c5a8b618a0628f6dc097c10c2212ba803,e39f93f3b2b40fd3c41de7dfa7d0b0cb6c4d8f97cbab2bb81c178f4b5f3c7eed",(empty),T,0
2025-01-22 20:13:59.833116055,CRORQ73uSrNMn9CjBd,10.1.17.215,49865,23.40.146.4,443,TLSv12,TLS_ECDHE_RSA_WITH_AES_256_GCM_SHA384,secp256r1,kv801.prod.do.dsp.mp.microsoft.com,F,-,http/1.1,T,CsxuknGIti,"ff999b10ea2fb6f2eef794ae370817d45a9310f9e2104292591c2db6801a6652,9d1bc5d2dd75bf8b64f35e7f919e2546c225be888c1a8cbe82c0e9579234a7ed",(empty),T,0
2025-01-22 20:24:06.222069979,CONxsx3pppjMKrbMml,10.1.17.215,49870,20.189.173.16,443,TLSv13,TLS_AES_256_GCM_SHA384,secp384r1,mobile.events.data.microsoft.com,F,-,-,T,CsiI,-,-,-,0
2025-01-22 20:24:30.423882008,CIxWvO1TBJjNGjjIn5,10.1.17.215,49875,40.126.29.9,443,TLSv13,TLS_AES_256_GCM_SHA384,secp384r1,login.microsoftonline.com,F,-,-,T,CsiI,-,-,-,0
2025-01-22 20:25:17.110709906,C23Zsr49To6DlawAt9,10.1.17.215,49877,45.125.66.32,2917,TLSv12,TLS_RSA_WITH_AES_128_GCM_SHA256,-,45.125.66.32,F,-,-,T,CsxnGIi,05be53fe3e0bcd74e166963f3e703d095346a89d37da3546d96bc2462319dbb7,(empty),F,0
2025-01-22 20:25:27.546338081,CZwdFmftOEre3aLm2,10.1.17.215,49883,142.250.113.113,443,TLSv13,TLS_AES_128_GCM_SHA256,X25519MLKEM768,clients2.google.com,F,-,-,T,CsiI,-,-,-,0
2025-01-22 20:25:27.516066074,CDZSXNy8N03Opj5Pl,10.1.17.215,49881,13.107.246.57,443,TLSv13,TLS_AES_256_GCM_SHA384,secp256r1,static.edge.microsoftapp.net,F,-,-,T,CjiICs,-,-,-,0
2025-01-22 20:25:27.519037961,CWIM55M4FB06dupoh,10.1.17.215,49880,13.107.42.16,443,TLSv13,TLS_AES_256_GCM_SHA384,secp384r1,config.edge.skype.com,F,-,-,T,CjiICs,-,-,-,0
2025-01-22 20:25:27.531451941,CTpT1A2lIkGHMDBMa7,10.1.17.215,49882,204.79.197.239,443,TLSv12,TLS_ECDHE_RSA_WITH_AES_256_GCM_SHA384,secp384r1,edge.microsoft.com,F,-,h2,T,CsxuknGIti,"d65fa2a87698491bc906bc781eb57c8d64a83978275df3ff67abf7ea5267c386,9d1bc5d2dd75bf8b64f35e7f919e2546c225be888c1a8cbe82c0e9579234a7ed",(empty),T,0
2025-01-22 20:25:27.740947962,CFV9k124tv4OTMgQR5,10.1.17.215,49890,40.126.29.9,443,TLSv13,TLS_AES_256_GCM_SHA384,secp384r1,login.microsoftonline.com,F,-,-,T,CsiI,-,-,-,0
2025-01-22 20:25:28.301877022,CAPuafBCvgffnbiig,10.1.17.215,49896,142.250.113.100,443,TLSv13,TLS_AES_128_GCM_SHA256,X25519MLKEM768,clients2.google.com,F,-,-,T,CsiI,-,-,-,0
2025-01-22 20:25:28.244534016,CqgR7E4MDm7kW5yZQ9,10.1.17.215,49893,13.107.246.57,443,TLSv13,TLS_AES_256_GCM_SHA384,secp256r1,static.edge.microsoftapp.net,F,-,-,T,CjiICs,-,-,-,0
2025-01-22 20:25:28.248883963,CuvSfi2laCjiDjNi0j,10.1.17.215,49894,13.107.42.16,443,TLSv13,TLS_AES_256_GCM_SHA384,secp384r1,config.edge.skype.com,F,-,-,T,CjiICs,-,-,-,0
2025-01-22 20:25:28.286950111,CcKapr19HcyLod9aI7,10.1.17.215,49895,13.107.21.239,443,TLSv12,TLS_ECDHE_RSA_WITH_AES_256_GCM_SHA384,secp384r1,edge.microsoft.com,F,-,h2,T,CsxuknGIti,"d65fa2a87698491bc906bc781eb57c8d64a83978275df3ff67abf7ea5267c386,9d1bc5d2dd75bf8b64f35e7f919e2546c225be888c1a8cbe82c0e9579234a7ed",(empty),T,0
2025-01-22 20:25:28.530311108,CuPAqFWW2PMlHqzok,10.1.17.215,49903,40.126.29.9,443,TLSv13,TLS_AES_256_GCM_SHA384,secp384r1,login.microsoftonline.com,F,-,-,T,CsiI,-,-,-,0
2025-01-22 20:25:28.541574955,CEGDhF3msswDNBMkyc,10.1.17.215,49904,142.250.115.132,443,TLSv13,TLS_AES_128_GCM_SHA256,X25519MLKEM768,clients2.googleusercontent.com,F,-,-,T,CsiI,-,-,-,0
2025-01-22 20:25:29.640187025,CzWFmO1tSbUsG57GJa,10.1.17.215,49908,45.125.66.32,2917,TLSv12,TLS_ECDHE_RSA_WITH_CHACHA20_POLY1305_SHA256,secp521r1,45.125.66.32,F,-,-,T,CsxknGIi,05be53fe3e0bcd74e166963f3e703d095346a89d37da3546d96bc2462319dbb7,(empty),F,0
2025-01-22 20:25:28.517096996,C7xGh4LgJl5F6yNmk,10.1.17.215,49902,13.107.246.57,443,TLSv13,TLS_AES_256_GCM_SHA384,secp256r1,edge-mobile-static.azureedge.net,F,-,-,F,CjiICs,-,-,-,0
2025-01-22 20:25:38.427310944,CmJvij496f5LUVTLgg,10.1.17.215,49909,45.125.66.32,2917,TLSv12,TLS_ECDHE_RSA_WITH_CHACHA20_POLY1305_SHA256,secp521r1,45.125.66.32,F,-,-,T,CsxknGIi,05be53fe3e0bcd74e166963f3e703d095346a89d37da3546d96bc2462319dbb7,(empty),F,0
2025-01-22 20:25:42.756814957,CGvvD91cyYUhDI6LCj,10.1.17.215,49910,45.125.66.252,443,TLSv12,TLS_ECDHE_RSA_WITH_CHACHA20_POLY1305_SHA256,secp521r1,-,F,-,-,T,CsxknGIti,5d2dad692e2ed31b72f4b251da71588a08ed3ac33d0b41bc83e4fb0b9d58ddff,(empty),-,0
2025-01-22 20:28:01.482342005,CS0RxQRMIyuUDjXI,10.1.17.215,49912,45.125.66.32,2917,TLSv12,TLS_RSA_WITH_AES_128_GCM_SHA256,-,45.125.66.32,F,-,-,T,CsxnGIi,05be53fe3e0bcd74e166963f3e703d095346a89d37da3546d96bc2462319dbb7,(empty),F,0
2025-01-22 20:28:10.106239080,CKlvya1ZWZH8DlRajh,10.1.17.215,49920,20.241.44.114,443,TLSv12,TLS_ECDHE_RSA_WITH_AES_128_GCM_SHA256,x25519,g.live.com,F,-,h2,T,CsxuknGIi,"fc874237221d004abd0cac814f94a4f8dd39b07808d29501c4fa2efcfc5c9a5e,33f9731be910a66dc6acd07d9d9ca212ee8d0a9a5c78c8bf3e89bb74df8fb936",(empty),T,0
2025-01-22 20:28:10.463747025,Cov1Ww2SyXV1heMkO4,10.1.17.215,49921,23.41.241.15,443,TLSv12,TLS_ECDHE_RSA_WITH_AES_128_GCM_SHA256,secp256r1,oneclient.sfx.ms,F,-,http/1.1,T,CsxuknGIti,"cc774afaa1a20ea56c2b0df8a3e2ff49225fff7ae5025cd1f22e21963b01ad6f,724247794951c93f3e41711617e95ce143263e3196c345a1da78f6639749ec03,cb3ccbb76031e5e0138f8dd39a23f9de47ffc35e43c1144cea27d46a5ab1cb5f",(empty),T,0
2025-01-22 20:28:11.603414059,CTf4ZdeEewpQV4Bl6,10.1.17.215,49925,13.107.246.57,443,TLSv13,TLS_AES_256_GCM_SHA384,secp256r1,static.edge.microsoftapp.net,F,-,-,T,CjiICs,-,-,-,0
2025-01-22 20:28:11.685570955,CY7IheGVYUUUWrgSd,10.1.17.215,49927,142.250.114.100,443,TLSv13,TLS_AES_128_GCM_SHA256,X25519MLKEM768,clients2.google.com,F,-,-,T,CsiI,-,-,-,0
2025-01-22 20:28:11.602684021,CYdcoB23x4gC94opQ,10.1.17.215,49924,13.107.42.16,443,TLSv13,TLS_AES_256_GCM_SHA384,secp384r1,config.edge.skype.com,F,-,-,T,CjiICs,-,-,-,0
2025-01-22 20:28:11.677639008,CxAcBm434JeXHYaJw2,10.1.17.215,49926,204.79.197.239,443,TLSv12,TLS_ECDHE_RSA_WITH_AES_256_GCM_SHA384,secp384r1,edge.microsoft.com,F,-,h2,T,CsxuknGIti,"d65fa2a87698491bc906bc781eb57c8d64a83978275df3ff67abf7ea5267c386,9d1bc5d2dd75bf8b64f35e7f919e2546c225be888c1a8cbe82c0e9579234a7ed",(empty),T,0
2025-01-22 20:28:11.990317106,Cxb99u1kvsxrGYpjge,10.1.17.215,49933,40.126.29.10,443,TLSv13,TLS_AES_256_GCM_SHA384,secp384r1,login.microsoftonline.com,F,-,-,T,CsiI,-,-,-,0
2025-01-22 20:28:12.425553083,CZhEtk3YnMy2MIFNEi,10.1.17.215,49939,142.250.114.102,443,TLSv13,TLS_AES_128_GCM_SHA256,X25519MLKEM768,clients2.google.com,F,-,-,T,CsiI,-,-,-,0
2025-01-22 20:28:12.357583046,CgTcoD22Z4YAmlQSDa,10.1.17.215,49935,13.107.246.57,443,TLSv13,TLS_AES_256_GCM_SHA384,secp256r1,static.edge.microsoftapp.net,F,-,-,T,CjiICs,-,-,-,0
2025-01-22 20:28:12.355809927,CpPEYL3IDgAaI3Wg81,10.1.17.215,49934,13.107.42.16,443,TLSv13,TLS_AES_256_GCM_SHA384,secp384r1,config.edge.skype.com,F,-,-,T,CjiICs,-,-,-,0
2025-01-22 20:28:12.445254087,COFN3o4xFhS0NFiZG6,10.1.17.215,49938,13.107.21.239,443,TLSv12,TLS_ECDHE_RSA_WITH_AES_256_GCM_SHA384,secp384r1,edge.microsoft.com,F,-,h2,T,CsxuknGIti,"d65fa2a87698491bc906bc781eb57c8d64a83978275df3ff67abf7ea5267c386,9d1bc5d2dd75bf8b64f35e7f919e2546c225be888c1a8cbe82c0e9579234a7ed",(empty),T,0
2025-01-22 20:28:12.641532898,CA4RQL3FjwZV8z1Si3,10.1.17.215,49944,40.126.29.10,443,TLSv13,TLS_AES_256_GCM_SHA384,secp384r1,login.microsoftonline.com,F,-,-,T,CsiI,-,-,-,0
2025-01-22 20:28:13.821584940,CJcLQw1GUD4fnb3rab,10.1.17.215,49949,45.125.66.32,2917,TLSv12,TLS_ECDHE_RSA_WITH_CHACHA20_POLY1305_SHA256,secp521r1,45.125.66.32,F,-,-,T,CsxknGIi,05be53fe3e0bcd74e166963f3e703d095346a89d37da3546d96bc2462319dbb7,(empty),F,0
2025-01-22 20:28:12.717107058,Ct8Rg01jX7xn3tkZLf,10.1.17.215,49945,142.250.115.132,443,TLSv13,TLS_AES_128_GCM_SHA256,X25519MLKEM768,clients2.googleusercontent.com,F,-,-,F,Csi,-,-,-,0
2025-01-22 20:28:22.602140903,CBOdApUPtSpbtJ2Ea,10.1.17.215,49950,45.125.66.32,2917,TLSv12,TLS_ECDHE_RSA_WITH_CHACHA20_POLY1305_SHA256,secp521r1,45.125.66.32,F,-,-,T,CsxknGIi,05be53fe3e0bcd74e166963f3e703d095346a89d37da3546d96bc2462319dbb7,(empty),F,0
2025-01-22 20:28:25.917331934,CfBDZJ2NqHWfWGwwyd,10.1.17.215,49951,45.125.66.252,443,TLSv12,TLS_ECDHE_RSA_WITH_CHACHA20_POLY1305_SHA256,secp521r1,-,F,-,-,T,CsxknGIti,5d2dad692e2ed31b72f4b251da71588a08ed3ac33d0b41bc83e4fb0b9d58ddff,(empty),-,0
2025-01-22 20:32:27.865361929,CGiBmFtaKKxzTK2m2,10.1.17.215,49957,20.125.63.4,443,TLSv12,TLS_ECDHE_RSA_WITH_AES_128_GCM_SHA256,x25519,g.live.com,F,-,h2,T,CsxuknGIi,"fc874237221d004abd0cac814f94a4f8dd39b07808d29501c4fa2efcfc5c9a5e,33f9731be910a66dc6acd07d9d9ca212ee8d0a9a5c78c8bf3e89bb74df8fb936",(empty),T,0
2025-01-22 20:32:28.268887043,CZSxscKRcTWo4B7ef,10.1.17.215,49958,23.212.73.35,443,TLSv12,TLS_ECDHE_RSA_WITH_AES_128_GCM_SHA256,secp256r1,oneclient.sfx.ms,F,-,http/1.1,T,CsxuknGIti,"cc774afaa1a20ea56c2b0df8a3e2ff49225fff7ae5025cd1f22e21963b01ad6f,724247794951c93f3e41711617e95ce143263e3196c345a1da78f6639749ec03,cb3ccbb76031e5e0138f8dd39a23f9de47ffc35e43c1144cea27d46a5ab1cb5f",(empty),T,0
2025-01-22 20:32:28.884197950,CO357g9xGz2REWWvb,10.1.17.215,49959,52.113.194.132,443,TLSv13,TLS_AES_256_GCM_SHA384,secp384r1,ecs.office.com,F,-,-,T,CsiI,-,-,-,0
2025-01-22 20:32:38.738990068,CRSHFNJhNHXJ4hr2l,10.1.17.215,49960,13.107.246.57,443,TLSv13,TLS_AES_256_GCM_SHA384,secp256r1,prod.client.wosc.services.microsoft.com,F,-,-,T,CsiI,-,-,-,0
2025-01-22 20:32:39.146569967,CeTSof1Mbo2LwdoGif,10.1.17.215,49965,20.190.157.3,443,TLSv13,TLS_AES_256_GCM_SHA384,secp384r1,login.microsoftonline.com,F,-,-,T,CsiI,-,-,-,0
2025-01-22 20:32:40.620930910,C8Qh3Y2NbHLHZgkmdb,10.1.17.215,49966,20.44.239.154,443,TLSv12,TLS_ECDHE_RSA_WITH_AES_256_GCM_SHA384,secp384r1,settings-win.data.microsoft.com,F,-,h2,T,CsxknGIi,"b133a24c294c025d1f20f47f9d380ba0b74936c415d3654facfb62dc7bde31d6,83688f2aef71386e0936c4b3013b07e8e0c796d8427716dd48b2a63d79509129",(empty),T,0
2025-01-22 20:32:41.930155993,Cfqji92aGiVSo9Uuw8,10.1.17.215,49967,20.44.239.154,443,TLSv12,TLS_ECDHE_RSA_WITH_AES_256_GCM_SHA384,secp384r1,settings-win.data.microsoft.com,F,-,h2,T,CsxknGIi,"b133a24c294c025d1f20f47f9d380ba0b74936c415d3654facfb62dc7bde31d6,83688f2aef71386e0936c4b3013b07e8e0c796d8427716dd48b2a63d79509129",(empty),T,0
2025-01-22 20:33:00.880964994,CgvSAI2ecP5qeEThDe,10.1.17.215,49968,52.175.242.182,443,TLSv12,TLS_ECDHE_ECDSA_WITH_AES_256_GCM_SHA384,secp384r1,array804.prod.do.dsp.mp.microsoft.com,F,-,h2,T,CsxknGIi,"c537ffba44956e7baf33c6b88f9d000c5a8b618a0628f6dc097c10c2212ba803,e39f93f3b2b40fd3c41de7dfa7d0b0cb6c4d8f97cbab2bb81c178f4b5f3c7eed",(empty),T,0
2025-01-22 20:33:01.401540041,CO8CJT3cpIYOALcypi,10.1.17.215,49969,23.41.240.115,443,TLSv12,TLS_ECDHE_RSA_WITH_AES_256_GCM_SHA384,secp256r1,kv801.prod.do.dsp.mp.microsoft.com,F,-,http/1.1,T,CsxuknGIti,"ff999b10ea2fb6f2eef794ae370817d45a9310f9e2104292591c2db6801a6652,9d1bc5d2dd75bf8b64f35e7f919e2546c225be888c1a8cbe82c0e9579234a7ed",(empty),T,0
2025-01-22 20:35:49.202538013,C44xQ62y04KDlCvgUe,10.1.17.215,49970,52.113.194.132,443,TLSv13,TLS_AES_256_GCM_SHA384,secp384r1,ecs.office.com,F,-,-,T,CsiI,-,-,-,0
2025-01-22 20:37:01.626012087,CORrM29PI4ITb2Jll,10.1.17.215,49971,52.113.194.132,443,TLSv13,TLS_AES_256_GCM_SHA384,secp384r1,ecs.office.com,F,-,-,T,CsiI,-,-,-,0
